author_id,name
1,Amy Taylor
2,Ms. Rebecca Nielsen
3,Diana Jefferson
4,Patricia Allen
5,Dennis Castro
6,Michael Thompson
7,Timothy Hernandez
8,Danielle Cox
9,Paul Shaw
10,Lisa Gentry
11,Dawn Turner
12,Julia Bush
13,Craig Griffin
14,Kevin Phelps
15,Gary Lee
16,Casey Bond
17,Dale Brown
18,Eric Wilson
19,Kayla Evans
20,Julie Mclaughlin
21,David Sullivan PhD
22,Thomas White Jr.
23,Paul Cook
24,Connie Brown
25,Erica Garcia
26,Jennifer Huffman
27,Lisa Thompson
28,Teresa George
29,Brian Noble
30,Jonathan West DDS
31,Henry Campbell
32,Makayla Hart
33,Jeremy Byrd
34,Amy Thompson
35,David Smith
36,Travis Weaver
37,Nicole Whitney
38,Donald Burke
39,Mrs. Kelly Hendrix DVM
40,Mrs. Jennifer Mcdonald DDS
41,Raymond Hutchinson
42,Edward Taylor
43,Heather Smith
44,Karen Davis
45,Kristine Barnes
46,Charles Hill
47,Joseph Thompson
48,Christopher Spence
49,Jennifer Hernandez
50,James Barnes
51,Roberto Russell
52,Kristen Jackson
53,Kimberly Graham
54,Scott Holder
55,Robert Johnson
56,Michael Hahn
57,Latoya Vazquez
58,Kyle Sandoval
59,Pamela Robbins
60,Natalie Owens
61,Steven Cabrera
62,Maria Brooks
63,Devin Foster
64,Jose Collins
65,Timothy Stafford
66,Shawn Robinson
67,Teresa Hayes
68,Teresa Simmons
69,Ann Chang
70,Dawn Lara
71,Timothy Osborn
72,Ann Hicks
73,Samuel Evans
74,Manuel Holland
75,Andrew Austin
76,Samuel Reeves
77,Kenneth Garcia
78,Shannon Wallace
79,Matthew Cain
80,Zachary Soto II
81,Gerald Macdonald
82,James Dixon
83,Kimberly Lee
84,Craig Gray
85,Patrick Taylor
86,Nicholas Wright
87,Jared Smith
88,David Barnett
89,Karen Lee
90,Evan Vasquez
91,Barbara Jones
92,Matthew Brown
93,Edward Everett
94,Tracy Strickland
95,Kimberly Bruce
96,Terry Maldonado
97,Leah Ryan
98,Adam Webb
99,Sean Evans
100,Christopher Mayer
